{"home": [-2.076889753341675, 0.4055880904197693, 5.415209770202637], "delta": [-3.6751108169555664, 0.1586017608642578, 3.3385517597198486], "alpha": [0.062196630984544754, 0.3593032956123352, -0.8656824827194214]}