{"bin": [-0.3718612492084503, -0.6832360625267029, 2.1885313987731934], "home": [-0.6234481930732727, 0.8600035905838013, -0.020411014556884766], "chair": [0.3585456609725952, -0.16584903001785278, 0.18754801154136658], "table": [-1.548876404762268, -0.8277940154075623, 1.3927805423736572]}