{"home": [0, 0, -3.5639991760253906], "bananas": [1, -1, -3.5639991760253906]}