{"home": [0.0007369191152974963, 0.000360687670763582, 0.0006078786100260913], "chair": [-1.601425290107727, -0.7826377749443054, -3.0451550483703613], "headphones": [0.3143998682498932, -0.9638298153877258, 3.0151095390319824]}